{"initial_reset_timestamp": 1524206764.6960604, "timestamps": [1524206788.8707256], "episode_lengths": [332], "episode_rewards": [332.0], "episode_types": ["t"]}